{"chunk_definitions":[{"chunk_id":"ccs3x5gmsfl7v","chunk_label":"unnamed-chunk-1","document_id":"2F011719","expansion_state":0,"options":{"engine":"r","label":"unnamed-chunk-5"},"row":31,"row_count":1,"visible":true},{"chunk_id":"cxav1urdli9pm","chunk_label":"unnamed-chunk-2","document_id":"2F011719","expansion_state":0,"options":{"engine":"r","label":"unnamed-chunk-7"},"row":84,"row_count":1,"visible":true},{"chunk_id":"c7e2p06dn4yjn","chunk_label":"unnamed-chunk-3","document_id":"2F011719","expansion_state":0,"options":{},"row":121,"row_count":1,"visible":true}],"doc_write_time":1508744172}