"0","# Observations: 8 heads out of 12 flips"
"0","z = 8"
"0","N = 12"
"0","# Hyperparameters"
"0","w1 = 0.25"
"0","w2 = 0.75"
"0","k = 8"
"0","  "
"0","a1 = w1*(k-2)+1 "
"0","b1 = (1-w1)*(k-2)+1"
"0","a2 = w2*(k-2)+1 "
"0","b2 = (1-w2)*(k-2)+1"
"0","  "
"0","  "
"0","likelihood                  = bernoulli_pdf(theta, z = z, N = N)"
"0","prior1                      = beta_pdf(theta, a = a1, b = b1)"
"0","prior2                      = beta_pdf(theta, a = a2, b = b2)"
"0","posterior1                  = beta_pdf(theta, a = z + a1, b = N - z + b1) # Easy posterior, because conjugacy"
"0","posterior2                  = beta_pdf(theta, a = z + a2, b = N - z + b2) # Easy posterior, because conjugacy"
"0","  "
"0","# Plot the probability density functions"
"0","par(mfrow=c(2,3))"
"0","plot(theta, prior1, type='l')"
