"0","# Optional generic preliminaries:"
"0","graphics.off() # This closes all of R's graphics windows."
"0","rm(list=ls())"
"0","## The distributions that we use here are available in R, but for clarity are made explicit here."
"0","# Bernoulli(z,N | theta)"
"0","bernoulli_pdf <- function(theta, z, N) {"
"0","  # Computes p(z,N|theta) = Bernoulli(theta|z,N)"
"0","  pdf = theta^z * (1 - theta)^(N - z)"
"0","  return(pdf)"
"0","}"
"0","# beta(theta | a, b)"
"0","beta_pdf <- function(theta, a, b) {"
"0","  # Computes p(theta|a,b) = beta(theta|a,b)"
"0","  pdf = theta^(a - 1) * (1 - theta)^(b - 1)"
"0","  return(pdf)"
"0","}"
"0","# B(a+z, N-z+b) / B(a,b)"
"0","beta_bernoulli_evidence <- function(a, b, N, z) {"
"0","  return( beta( z+a, N-z+b ) / beta( a, b ) ) # not numerically stable"
"0","}"
"0","# Define a range of theta's to compute the probability density for:"
"0","theta = seq(0, 1, by = 0.01)"
