"0","#plot a,b,c from original paper"
"0","boxVec12 = c(1,3,5)"
"0","boxVec12avgHeapSize = NULL"
"0","boxVec12nrOfHeaps = NULL"
"0","boxVec12percentageInHeap = NULL"
"0","for(box12 in boxVec12)"
"0","{"
"0","  for(test in seq(1,10))"
"0","  {"
"0","    lastDataPoint <- nrow(E1data[[box12]][[test]])"
"0","    boxVec12avgHeapSize <- append(boxVec12avgHeapSize,unlist(E1data[[box12]][[test]][lastDataPoint,][2]))"
"0","    boxVec12nrOfHeaps <- append(boxVec12nrOfHeaps,unlist(E1data[[box12]][[test]][lastDataPoint,][3]))"
"0","    boxVec12percentageInHeap <- append(boxVec12percentageInHeap,unlist(E1data[[box12]][[test]][lastDataPoint,][4]))"
"0","  }"
"0","}"
"0","#print(append(boxVec12percentageInHeap,unlist(E1data[[1]][[1]][14,][4])))"
"0","boxVec12nrOfHeaps <- as.data.frame(boxVec12nrOfHeaps)"
"0","boxVec12percentageInHeap <- as.data.frame(boxVec12percentageInHeap)"
"0","boxVec12avgHeapSize <- as.data.frame(boxVec12avgHeapSize)"
"0","label12 <- as.data.frame(rep(""12 boxes"",nrow(boxVec12nrOfHeaps)))"
"0","dataFrame12 = merge(merge(merge(boxVec12nrOfHeaps, boxVec12percentageInHeap), boxVec12avgHeapSize),label12)"
"0","colnames(dataFrame12) <- c(""numberOfHeaps"", ""percentageInHeap"", ""avgHeapSize"",""label"")"
"0","boxVec25 = c(2,4,6)"
"0","boxVec25avgHeapSize = NULL"
"0","boxVec25nrOfHeaps = NULL"
"0","boxVec25percentageInHeap = NULL"
"0","for(box25 in boxVec25)"
"0","{"
"0","  for(test in seq(1,10))"
"0","  {"
"0","    lastDataPoint <- nrow(E1data[[box25]][[test]])"
"0","    boxVec25avgHeapSize <- append(boxVec25avgHeapSize,unlist(E1data[[box25]][[test]][lastDataPoint,][2]))"
"0","    boxVec25nrOfHeaps <- append(boxVec25nrOfHeaps,unlist(E1data[[box25]][[test]][lastDataPoint,][3]))"
"0","    boxVec25percentageInHeap <- append(boxVec25percentageInHeap,unlist(E1data[[box25]][[test]][lastDataPoint,][4]))"
"0","  }"
"0","}"
"0","boxVec25nrOfHeaps <- as.data.frame(boxVec25nrOfHeaps)"
"0","boxVec25percentageInHeap <- as.data.frame(boxVec25percentageInHeap)"
"0","boxVec25avgHeapSize <- as.data.frame(boxVec25avgHeapSize)"
"0","label25 <- as.data.frame(rep(""25 boxes"",nrow(boxVec25nrOfHeaps)))"
"0","dataFrame25 = merge(merge(merge(boxVec25nrOfHeaps, boxVec25percentageInHeap), boxVec25avgHeapSize), label25)"
"0","colnames(dataFrame25) <- c(""numberOfHeaps"", ""percentageInHeap"", ""avgHeapSize"",""label"")"
"0","dataFrame = rbind(dataFrame12, dataFrame25)"
"0","ggplot(dataFrame, aes(numberOfHeaps)) + geom_bar(aes(fill = label), position = ""dodge"")"
