{"chunk_definitions":[{"chunk_id":"cc78lh9vt60nr","chunk_label":"unnamed-chunk-1","document_id":null,"expansion_state":0,"options":{"engine":"r","label":"unnamed-chunk-2"},"row":34,"row_count":1,"visible":true},{"chunk_id":"c2vzxjqfsu9qg","chunk_label":"unnamed-chunk-2","document_id":null,"expansion_state":0,"options":{"engine":"r","label":"unnamed-chunk-3"},"row":74,"row_count":1,"visible":true},{"chunk_id":"cptw9fqk51zyb","chunk_label":"unnamed-chunk-3","document_id":null,"expansion_state":0,"options":[],"row":101,"row_count":1,"visible":true},{"chunk_id":"cor63biubmlho","chunk_label":"unnamed-chunk-4","document_id":null,"expansion_state":0,"options":[],"row":164,"row_count":1,"visible":true},{"chunk_id":"c657ocrym2xxf","chunk_label":"unnamed-chunk-5","document_id":null,"expansion_state":0,"options":[],"row":228,"row_count":1,"visible":true},{"chunk_id":"cbs6minekj1gw","chunk_label":"unnamed-chunk-6","document_id":null,"expansion_state":0,"options":[],"row":277,"row_count":1,"visible":true},{"chunk_id":"cqbgi4vfzm377","chunk_label":"unnamed-chunk-7","document_id":null,"expansion_state":0,"options":[],"row":346,"row_count":1,"visible":true},{"chunk_id":"c665ke7urue31","chunk_label":"unnamed-chunk-8","document_id":null,"expansion_state":0,"options":{"engine":"r","label":"unnamed-chunk-1"},"row":401,"row_count":1,"visible":true}],"chunk_rendered_width":579,"doc_write_time":1508491668}